,Product,Review
0,Treatment By Moon Touch 16gram,I'm very happy ğŸ˜ğŸ˜ğŸ˜I like it ğŸ¥°ğŸ¥°ğŸ¥°yeh bohot achi aur Price bhi bohot Kam Hain main isy dubara bhi order karna chahu hi ğŸ˜‹ğŸ˜‹ğŸ¤©ğŸ’—
1,Treatment By Moon Touch 16gram,very nice good product nice experience very very very happy happy
2,Treatment By Moon Touch 16gram,received parcel safe was packed well.. cream has good fragrance... great in this price thnx draz
3,Treatment By Moon Touch 16gram,no brand name smell lke archi cream abhi use nai ki in sah Allah results bachy hi hongy
4,Treatment By Moon Touch 16gram,Assalamu Alaikum aaj mujhe Mera parcel Mila aur usmein Munh touch cream hai abhi use Nahin Ki okay is ki fragnance awesome hai colour bhi awesome hai I am satisfied ke acchi Hogi mashallah very nice very nice very nice very nice mujhe lagta hai ki will be soon next time order price b reasonable hai moon touch awesome thanks daraz thanks thanks thanks
5,Treatment By Moon Touch 16gram,bhot achi cream ha INSHALLAH next time bodr kro ga only 3 time using 70% pimple khatam or chehra saaf
6,Treatment By Moon Touch 16gram,receved today. packing was good. price is reasonable. ab use kr k dkhte hn. then i will review again iN SHA ALLAH hOpe so it will work well without any side effecs  
7,Treatment By Moon Touch 16gram,was well packed nice fragrance ordered 2nd time good result thnx draz thnx sellerğŸ˜‡
8,Treatment By Moon Touch 16gram,bubl rped .nai yr waqi rzlut aya iska 1 week k bd ..thnk u good prodict .recmndedğŸ¥°
9,Treatment By Moon Touch 16gram,its working ..in this price a best cream for skin..jazak Allah daraz and sellee
10,Treatment By Moon Touch 16gram,its really working ..awesome night cream in this price..will buy againğŸ¥°
11,Treatment By Moon Touch 16gram,Masha Allah sa bht achi cream hai thank u so much price bhi bht achya hai 
12,Treatment By Moon Touch 16gram,smells good but dont know about results yet. i willtry n review again 
13,Treatment By Moon Touch 16gram,"very nice cream in this low PriceğŸ˜, giving comment after using ...ğŸ‘Œ"
14,Treatment By Moon Touch 16gram,bht achii cream ha ya mera 2nd order ga ya abhi mri sis na b order ki h bht achii ha is price ma delivery b tym ps hoi or packibg b bht amazing thi thankss daraz
15,Treatment By Moon Touch 16gram,mera all order confirme karwa k payment pay karny k bad cancelled kar diya kafi arse se shopping kar rahi thi bht trust tha kabhi kuch khrab nahen nikla jesa hota same wesa hi bhjty but ab online easypaisa se pay ki jaldi chaheay tha payment karny k bad sub cancelled kar diya or paise bhi wapis nahen keay abhi bhi trust hai k wapis kar dengy 
16,Treatment By Moon Touch 16gram,I received my parcel  bht axhi creem hn bht hi zyda resnable  price mn  very fast service  thank u soo much  itni km kimt mn itni axhi cheez k lia mn again odr zarur kru gi inshallah  allah pak apky km  mn bht taraki ata kry ameen â˜ºï¸â˜ºï¸
17,Treatment By Moon Touch 16gram,achi hai dekhne me first time use ki hai age use kar k pata chalega result or cream bohot patli hai 
18,Treatment By Moon Touch 16gram,Packing was too good. Hope for d best. Will tell later of result to seller. TYSM daraz & seller. 
19,Treatment By Moon Touch 16gram,Good product itna kaam price ma bohat achi cheez ha thnx draz
20,Treatment By Moon Touch 16gram,"Seems goodğŸ’ I hope it will work, will share review soonğŸŒº"
21,Treatment By Moon Touch 16gram,I am very happy ğŸ˜Š received parcel ğŸ“¦  packing so good.. jasi thi wasi hi mili so happy ğŸ˜Š
22,Treatment By Moon Touch 16gram,abi use ni ki use k bad review kro ga iss k result ka
23,Treatment By Moon Touch 16gram,result ka to aabi nhi pta lkn smell bohat achi ha Jo dikhai vohi bhyji ha thanks daraz
24,Treatment By Moon Touch 16gram,"fragrance buht achi hai or cream b buht achi hai,ğŸ˜"
25,Treatment By Moon Touch 16gram,Cream ka back cover b ni hai aur cream bhi aadhi h is se pehly to acha bheja tha 
26,Treatment By Moon Touch 16gram,Recommended ğŸ‘
27,Treatment By Moon Touch 16gram,Ø§Ø³Ù„Ø§Ù… Ø¹Ù„ÛŒÚ©Ù… Ú©Ø±ÛŒÙ… Ø¯ÛŒÚ©Ú¾Ù†Û’ Ù…ÛŒÚº Ø¨ÛØª Ø§Ú†Ú¾ÛŒ ÛÛ’Û” Ø§Ø¨ Ø§Ø³ØªØ¹Ù…Ø§Ù„ Ú©Ø±ÙˆÚº Ú¯ÛŒ Ù¾Ú¾Ø± Ø±Ø²Ù„Ù¹ Ø¨ØªØ§ÙˆÚº Ú¯ÛŒÛ” 
28,Treatment By Moon Touch 16gram,thanx jo pic mai hai wohi bheji wo b km price ğŸ˜ŠğŸ˜Š
29,Treatment By Moon Touch 16gram,abhi use nhi ki dakhne me achi he use karne ke bad pata chalega result kesa he
30,Treatment By Moon Touch 16gram,Assalamualaikum meny to daraz k coin ikathy kr k odr kya or mjhy yh bohat jldi Mili Hy or iski khushbo bohat achhi Hy 
31,Treatment By Moon Touch 16gram,same as shownâ¤ and very effectiveğŸ’™
32,Treatment By Moon Touch 16gram,"Cream is good  almost same like arche cream,quantity is OK,must try"
33,Treatment By Moon Touch 16gram,Jo order tha woi receiv hia use ker rahi hi cream  results no doubt ha slow ha thora per  its affective 
34,Treatment By Moon Touch 16gram,Prcl mil gyq ha paking  bilkul b axhi ni ha  ak creem  k cap b ni ha bht deshurt   hoi hn  1st odr bht axha tha 2nd odr bilkul b axha ni mila jasa  socha tha wasa ni hai 
35,Treatment By Moon Touch 16gram,Mashallah mujh Mera parsel  mil ho chuka ha or mana one time use Karwi h or both achy results aya hai ğŸ¥°â˜ºï¸ sukhriya
36,Treatment By Moon Touch 16gram,"bhot zabardast cream h delivery bhi jaldi kardi h am very ğŸ˜ŠğŸ˜Š  happy thank you 
and thanks for daraz"
37,Treatment By Moon Touch 16gram,best quality in least price ..just fragnance is little irritating but that doesnt matter much .v ecnomical and totally satisfied .will order again
38,Treatment By Moon Touch 16gram,Beast creem ha aur mene ak din yus kar ke rewew diya ha good ha result and thank u sellar and daraz ğŸ¤— recaomentd you
39,Treatment By Moon Touch 16gram,"ASLAMWALYKUM 
today I recive my parcel to awsom 
and also rider is good behavior and very cooperative 
thnx to drazz"
40,Treatment By Moon Touch 16gram,best cream hai .. main 3 orders ke thi.  1 week use karne k bad result dekh ky review derhi hu aaj .. total satisfied ğŸ˜Œ 
41,Treatment By Moon Touch 16gram,bhht achi cream hy packing b bhht achi thi or ordr b time pe mila result jb use ho gi phr hi pta chala gye fragrance b kamaal ki hy ğŸ˜ŠğŸ˜ŠğŸ˜ŠğŸ˜ŠğŸ˜ŠğŸ˜Š
42,Treatment By Moon Touch 16gram,"bht achi hy cream ..no side effects...bht ala
10 days me mra complexion jse chng hua ..im wonder
n mny abi 3 or  order ki hy.."
43,Treatment By Moon Touch 16gram,i received it on time.its good prodduct by look.by its too early to say whethr it is good  or bad.But seems like it will  be effective if use properly.So thanks seller for original product i will share my experienc after using it
44,Treatment By Moon Touch 16gram,mashaallah h achi cream h Mai again buy krugi B's black circle km krny k leye koi bna den thanku 
45,Treatment By Moon Touch 16gram, second cream hai (NO) result 
46,Treatment By Moon Touch 16gram,do cream sahi thi is bar patli behji hai cream sahi nai lag rahi hai but use kar k pata chalega
47,Treatment By Moon Touch 16gram,Bhttt achi cream haii me ne use ki haii hath saaf ho rhe haii
48,Treatment By Moon Touch 16gram,its good I've almost finished it. will order again!! 
49,Treatment By Moon Touch 16gram,Bhai cream ki bhot zabardas results h thanks daraz thanks moon touch products love you
50,Treatment By Moon Touch 16gram,good product ğŸ™‚
51,Treatment By Moon Touch 16gram,awesome excellent highly recommend thanks daraz thanks seller God bless you Ameen ğŸ¤²ğŸ¤²ğŸ¤²ğŸ‘ŒğŸ‘ŒğŸ‘ŒğŸ‘ğŸ‘ğŸ˜ŠğŸ˜ŠğŸ˜ŠğŸ˜ŠğŸ¥°ğŸ¥°ğŸ¥°ğŸ¥°ğŸ¥°ğŸ¥°ğŸ¥°ğŸ¥°ğŸ¥°ğŸ¥°ğŸ¥°ğŸ¥°
52,Treatment By Moon Touch 16gram,nice product ans well packed by seller thanks
53,Treatment By Moon Touch 16gram,Aae to bht achi ha shakal khushbu bht achi ha ab use kr k pta lgy ga k kesi ha
54,Treatment By Moon Touch 16gram,Me ny darz sy Jo mngwya ha acha aya ha thnkx draz
55,Treatment By Moon Touch 16gram,cream has been received on time same as shown in lower price... recommended 
56,Treatment By Moon Touch 16gram,thnk u ptcl rcv hogya h ab use kr k pta chly ga kesa result h smell achi h 
57,Treatment By Moon Touch 16gram,MASHALLAH MASHALLAH good product ğŸ‘ŒğŸ‘ŒğŸ‘Œ
58,Treatment By Moon Touch 16gram,"best delivery on time, more good quality of creams ğŸ’¯ highly recommended"
59,Treatment By Moon Touch 16gram,smell achi he baki result use karne k bad pata chale ga k kesi he 
60,Treatment By Moon Touch 16gram,My parcel was not good.its already used kindly AP return krly
61,Treatment By Moon Touch 16gram,Its my 3rd order nicely  packed  positive  seller response  
62,Treatment By Moon Touch 16gram,bohat achi he mene 2sri bar mangwae he thanx daraz n seller
63,Treatment By Moon Touch 16gram,This Product is very Nice
64,Treatment By Moon Touch 16gram,good product nd results i have no idea.abh tk use nh ki
65,Treatment By Moon Touch 16gram,Packing b achi or khushbu bhi hope so result b acha ho
66,Treatment By Moon Touch 16gram,over All achi h result ka pta nh use kr k btaongi 
67,Treatment By Moon Touch 16gram,thik bheji hay thanks seller nice cream 5 star
68,Treatment By Moon Touch 16gram,That's good
69,Treatment By Moon Touch 16gram,Very affordable and zabardst cream ....â­â­â­â­â­
70,Treatment By Moon Touch 16gram,I love it... it's same as shown in picture
71,Treatment By Moon Touch 16gram,"Zabrdast cream h zaror try kry sab ,â˜ºï¸â˜ºï¸"
72,Treatment By Moon Touch 16gram,Received and update review after use
73,Treatment By Moon Touch 16gram,Nice but result ka pta nh abh 
74,Treatment By Moon Touch 16gram,"package received on time, very nice cream with lovely fragrance. haven't used it. Will review again after using it.(if the leaflet included ingredients was available with it was better so people should know what they are applying on their face.) it's a suggestion. thank you seller"
75,Treatment By Moon Touch 16gram,"The cream is very good and fragrant. Using from last 2 days. In Sha Allah will share results soon. 
and why the page is removed. I tried yesterday to buy more but page opening was failed. please solve this issue."
76,Treatment By Moon Touch 16gram,bohat ache cream hai awesome results hai mai hand pai bi use kar rahi hon hand bi soft hogy hai aur White  bi plz ak baar zaror try kary
77,Treatment By Moon Touch 16gram,nice cream thank u seller  u daraZ price bhot kam hai aur chez bhot achiâ˜ºï¸
78,Treatment By Moon Touch 16gram,Great ğŸ‘ğŸ‘
79,Treatment By Moon Touch 16gram,Not good ..it's not effective useless cream
80,Treatment By Moon Touch 16gram,I ordered the cream 48ml with price rs 155..The seller mentiones that there is 1 cream in rs 55 but in rs 155 there will be 3 creams in the order..but today I received my order n it is only one cream in rs 155..n today i checked the price of 1 cream is again 55 rs.. disappointed
81,Treatment By Moon Touch 16gram, Fast delivery   nice product   and very  affordable    i give 5 stars   result  stesify  overall  all good experience  more than  my expectations 
82,Treatment By Moon Touch 16gram,packing is average ğŸ¤” so cheap in price and quantity is good unexpected quantity in just 55 also worked ğŸ‘
83,Treatment By Moon Touch 16gram,"Timely delivery, base to theek hai is price me pr box demage hai thora sa or produt pr koi naam  nai hai. Satisfied. Same as in pics"
84,Treatment By Moon Touch 16gram,Alhamdulila bht acha experience rah ha same wahi chez mili result ka abi nahi pta use ka bad result b shre karogi thanks daraz and seller b bht coprative or emandar h Jo chez dekai gai wahi beja same
85,Treatment By Moon Touch 16gram,I order that product for my feet. And now after 1 week there is a huge difference. Dark spot becoming fade. I am happy. Thats my second order
86,Treatment By Moon Touch 16gram,"box Ki cap lose h bht band hi nhi ho rahi ğŸ™„
fragrance to bht achi h cream Ki ab use krne se Pta lagega K kesa work krti h"
87,Treatment By Moon Touch 16gram,"cream to mil gai dono  ek hath ki ek face ki. pr knsi hath ki ha knsi face ki wo  nh lga hua label. d
parcelb bht late aya ha. confused"
88,Treatment By Moon Touch 16gram,"V NYC smell and packing is price mai
honest dealer baki result use k bad pta lgy ga
Hoping for good result s"
89,Treatment By Moon Touch 16gram,i received my 3 creams use k bad result ka pta chly ga. ..price tu buht munasib h.thank daraz and seller..
90,Treatment By Moon Touch 16gram,i am using this cream on my hands and feet and the complexion is getting better day by day. with weekly basic mani pedi n bleach at home provide best result 
91,Treatment By Moon Touch 16gram,"reasonable price  same product  good packing  
result ka abhi pta nhi let's see overall drazz  se shopping  krny ka experience acha hai ab tk ka"
92,Treatment By Moon Touch 16gram,normal hai zada resukt ni mila two week baad socha tha review share ksrongi but koi itna resukt ni mila
93,Treatment By Moon Touch 16gram,"acha hy, lgany sy face py thnd c feell hoti hy,   oily skin k leay to ni but baki sb  k leay best hy"
94,Treatment By Moon Touch 16gram,packing thik thi cream mujhye half mili full nai thi dakhnay mein achi lag rahi hay use karnay kay bad review dun gein plz next time full cream bhejhye ga 
95,Treatment By Moon Touch 16gram,same as shown...it gives cooling effects while applying...i hae started using..now let c  wt t d results
96,Treatment By Moon Touch 16gram,ye kc bhji cream na opr koi raper ha jis ko dekh KY ham use ksy krna ha .pessy zayea kie 2num chezz
97,Treatment By Moon Touch 16gram,Masha Allah rcv my parcel bhttt achii cream hy mene Again order dya hyâ¤ Thanks Daraz and SellerğŸ˜
98,Treatment By Moon Touch 16gram,jsy pic m dekhi thi wsy hi h but resulta ka ue krny sy pta chly ga...ovr all m happy â­
99,Treatment By Moon Touch 16gram,Abhi to cream mili h use krungi kuch din to result ayga na to hi tareef krungi daraz
100,Treatment By Moon Touch 16gram,bhai ye tou mai ney oder ki thi cream mujhy recv he nahi howi or delver ka msg agaya
101,Treatment By Moon Touch 16gram,vip boht achi creem h hum n use ki h phr dosri bar mangwai h result acha h bohttt
102,Treatment By Moon Touch 16gram,received my order on time. glad to see . after using I'll tell you about result
103,Treatment By Moon Touch 16gram, Very fast delivery packing was so good   i think  i will perches next time i
104,Treatment By Moon Touch 16gram,wow bht zrdst cream hai aur bht e km price mein smell bht e achi hai thnkx
105,Treatment By Moon Touch 16gram,shandaar bas dilvry charges buht han baki ache hy slow result hy but hy acha 
106,Treatment By Moon Touch 16gram,jaise pic mein dikhta wesa kuch nahi cream half hai very disappointed 
107,Treatment By Moon Touch 16gram,koi farq ni para es se acha golden pearl laga len waste of money ğŸ˜¡ğŸ¤¬
108,Treatment By Moon Touch 16gram,It is best whitening cream. Best results in attempt 1st  time â˜ºï¸â˜ºï¸
109,Treatment By Moon Touch 16gram,Nice hy.lakin abhi use nai kia use krny k bad result pta chly ga
110,Treatment By Moon Touch 16gram,10 din bad order delivered howa 55 ka bol k 75 ka bill aa gaya
111,Treatment By Moon Touch 16gram,khushbo achia hi abi use nai ki use kron gi result patacaly ga
112,Treatment By Moon Touch 16gram,very nice result dekh kr review dia he mene .... thanks daraz 
113,Treatment By Moon Touch 16gram,its realy amazing ... i love this cream.. its realy usefullâ˜ºï¸
114,Treatment By Moon Touch 16gram,ek dmmm bekar meri skin py danyy nikl gy ek week use krny sy
115,Treatment By Moon Touch 16gram,bilkul niii achii Ek dam bkwas waste of moneyğŸ‘ğŸ‘ğŸ‘ğŸ‘ğŸ‘ğŸ‘ğŸ‘
116,Treatment By Moon Touch 16gram,very nice product pleasant smell. thanks seller  and daraz
117,Treatment By Moon Touch 16gram,Good but es pe sath koi details nhi usage ki..  Blank he 
118,Treatment By Moon Touch 16gram,Bht zabardast hai skin neat ho gai hai.recomended to all
119,Treatment By Moon Touch 16gram,"Gud experienced , I use just 3 time nd get good result"
120,Treatment By Moon Touch 16gram,Ø¨ÛØª Ø¹Ù…Ø¯Û Ù¾ÛŒÚ©Ù†Ú¯ Ø§ÙˆØ± Ù¾Ø±ÙˆÚˆÚ©Ù¹ Ø¨Ú¾ÛŒ Ø´Ø§Ù†Ø¯Ø§Ø± ÛÛ’ Ù…Ø§Ø´Ø§Ø¡ Ø§Ù„Ù„Û
121,Treatment By Moon Touch 16gram,boht he awasome product ha....highly recommended 
122,Treatment By Moon Touch 16gram,awsome result wit low price..Highly recommended 
123,Treatment By Moon Touch 16gram,work to bohat hi acha hai cream ka bohat behtrin
124,Treatment By Moon Touch 16gram,Parcel  mila n totally  satisfied with seller 
125,Treatment By Moon Touch 16gram,7 days mn A1 rslt Mila... recommended 2 all...
126,Treatment By Moon Touch 16gram,acha h.muje ye greci lga oily h...result kuch dino baad hi pta  chle ga..smell  good 
127,Treatment By Moon Touch 16gram,"Mjhy tu kuch khas results ni mily is cream k
"
128,Treatment By Moon Touch 16gram,Awsome packing i am veryy happy tha kx daraz
129,Treatment By Moon Touch 16gram,cream ka clr totally change hain picture sy 
130,Treatment By Moon Touch 16gram,smell is good use kr k btayn ge kese results
131,Treatment By Moon Touch 16gram,cream achi hai use kr k result pta lgy ga
132,Treatment By Moon Touch 16gram,"very bad cream, half khali nikli ha"
133,Treatment By Moon Touch 16gram,very good cream price k mutabik sahi hn
134,Treatment By Moon Touch 16gram,Jo mangai howi mili PR use in ki abhe 
135,Treatment By Moon Touch 16gram,bilkl b achi nh h wst of money h bs 
136,Treatment By Moon Touch 16gram,abi use ni ki but I think it's good 
137,Treatment By Moon Touch 16gram,good nice cream thanks seller 5 star
138,Treatment By Moon Touch 16gram,gud cream for skin gud work daraz 
139,Treatment By Moon Touch 16gram,good good good good good very good
140,Treatment By Moon Touch 16gram,bht achi cream h use kr rahi hu 
141,Treatment By Moon Touch 16gram,not recommended not for face only use it on feet
142,Treatment By Moon Touch 16gram,Best result â¤ï¸â¤ï¸ i love it ğŸ˜» 
143,Treatment By Moon Touch 16gram,zero quality Kisi kam Ki Nahin
144,Treatment By Moon Touch 16gram,"bohut oily hai 
not satisfied
"
145,Treatment By Moon Touch 16gram,Use kar k pata chalega result 
146,Treatment By Moon Touch 16gram,thanku so much boht achi rahi
147,Treatment By Moon Touch 16gram,Acha result h thanks saller
148,Treatment By Moon Touch 16gram,It's very good very nice
149,Treatment By Moon Touch 16gram,thanks my order received
150,Treatment By Moon Touch 16gram,koi result nhi cream ka
151,Treatment By Moon Touch 16gram,recommended ğŸ‘ğŸ‘ğŸ‘ğŸ‘ğŸ‘
152,Treatment By Moon Touch 16gram,ye soap aye h cream ni
153,Treatment By Moon Touch 16gram,I'm very happy ğŸ˜ğŸ˜ğŸ˜I like it ğŸ¥°ğŸ¥°ğŸ¥°yeh bohot achi aur Price bhi bohot Kam Hain main isy dubara bhi order karna chahu hi ğŸ˜‹ğŸ˜‹ğŸ¤©ğŸ’—
154,Treatment By Moon Touch 16gram,very nice good product nice experience very very very happy happy
155,Treatment By Moon Touch 16gram,received parcel safe was packed well.. cream has good fragrance... great in this price thnx draz
156,Treatment By Moon Touch 16gram,no brand name smell lke archi cream abhi use nai ki in sah Allah results bachy hi hongy
157,Treatment By Moon Touch 16gram,Assalamu Alaikum aaj mujhe Mera parcel Mila aur usmein Munh touch cream hai abhi use Nahin Ki okay is ki fragnance awesome hai colour bhi awesome hai I am satisfied ke acchi Hogi mashallah very nice very nice very nice very nice mujhe lagta hai ki will be soon next time order price b reasonable hai moon touch awesome thanks daraz thanks thanks thanks
158,Treatment By Moon Touch 16gram,bhot achi cream ha INSHALLAH next time bodr kro ga only 3 time using 70% pimple khatam or chehra saaf
159,Treatment By Moon Touch 16gram,receved today. packing was good. price is reasonable. ab use kr k dkhte hn. then i will review again iN SHA ALLAH hOpe so it will work well without any side effecs  
160,Treatment By Moon Touch 16gram,was well packed nice fragrance ordered 2nd time good result thnx draz thnx sellerğŸ˜‡
161,Treatment By Moon Touch 16gram,bubl rped .nai yr waqi rzlut aya iska 1 week k bd ..thnk u good prodict .recmndedğŸ¥°
162,Treatment By Moon Touch 16gram,its working ..in this price a best cream for skin..jazak Allah daraz and sellee
163,Treatment By Moon Touch 16gram,its really working ..awesome night cream in this price..will buy againğŸ¥°
164,Treatment By Moon Touch 16gram,Masha Allah sa bht achi cream hai thank u so much price bhi bht achya hai 
165,Treatment By Moon Touch 16gram,smells good but dont know about results yet. i willtry n review again 
166,Treatment By Moon Touch 16gram,"very nice cream in this low PriceğŸ˜, giving comment after using ...ğŸ‘Œ"
167,Treatment By Moon Touch 16gram,bht achii cream ha ya mera 2nd order ga ya abhi mri sis na b order ki h bht achii ha is price ma delivery b tym ps hoi or packibg b bht amazing thi thankss daraz
168,Treatment By Moon Touch 16gram,mera all order confirme karwa k payment pay karny k bad cancelled kar diya kafi arse se shopping kar rahi thi bht trust tha kabhi kuch khrab nahen nikla jesa hota same wesa hi bhjty but ab online easypaisa se pay ki jaldi chaheay tha payment karny k bad sub cancelled kar diya or paise bhi wapis nahen keay abhi bhi trust hai k wapis kar dengy 
169,Treatment By Moon Touch 16gram,I received my parcel  bht axhi creem hn bht hi zyda resnable  price mn  very fast service  thank u soo much  itni km kimt mn itni axhi cheez k lia mn again odr zarur kru gi inshallah  allah pak apky km  mn bht taraki ata kry ameen â˜ºï¸â˜ºï¸
170,Treatment By Moon Touch 16gram,achi hai dekhne me first time use ki hai age use kar k pata chalega result or cream bohot patli hai 
171,Treatment By Moon Touch 16gram,Packing was too good. Hope for d best. Will tell later of result to seller. TYSM daraz & seller. 
172,Treatment By Moon Touch 16gram,Good product itna kaam price ma bohat achi cheez ha thnx draz
